Date/Time,Media Description,Media Link
"You uploaded a document on October 24, 2024 at 4:26 PM (GMT)", -,https://media.licdn.com/dms/image/v2/D562DAQG5vqYhUFObiA/profile-treasury-document-cover-images_1920/profile-treasury-document-cover-images_1920/0/1729787178850?e=2147483647&v=beta&t=y5JkVvZXcxsEy8upAWQLvysEf0yd7rI8xWHzEo3oCLg
"You uploaded a video on September 18, 2024 at 11:27 PM (GMT)", -,https://dms.licdn.com/playlist/vid/dynamic/D5605AQG_3v53GO6Eew/BAQeEUfHI8?e=1730466000&v=beta&t=7TxTDciqMwaVYYT5ucheaGkd_Upbb8xlPnPcJusL-S4
"You uploaded a video on September 18, 2024 at 7:16 PM (GMT)", -,https://dms.licdn.com/playlist/vid/dynamic/D5605AQHfwrBW3D3DiQ/BAQubxNBQkL?e=1730466000&v=beta&t=T-_MelKL-eguNVA6tQOVBqd5TzeiLSGl3aX08cmj6j4
"You uploaded a feed document on September 18, 2024 at 4:03 PM (GMT)", -,https://media.licdn.com/dms/document/media/v2/D561FAQFN5mQSfhLKLQ/feedshare-document-url-metadata-scrapper-pdf/feedshare-document-url-metadata-scrapper-pdf/0/1726675395143?e=2147483647&v=beta&t=vDTWhxyCcXQ7pEgg4Y9P9vM81B1JtBx9lHo_Jig9sYQ
"You uploaded a feed document on September 18, 2024 at 4:01 PM (GMT)", -,https://media.licdn.com/dms/document/media/v2/D561FAQHuzOaegJFkRw/feedshare-document-url-metadata-scrapper-pdf/feedshare-document-url-metadata-scrapper-pdf/0/1726675292175?e=2147483647&v=beta&t=nKjbjHD76mCISmjsSKEeI0IyWtBCNfCEqn4KRwJvPR0
"You uploaded a feed document on September 18, 2024 at 4:00 PM (GMT)", -,https://media.licdn.com/dms/document/media/v2/D561FAQGXA7dG2wI6hw/feedshare-document-url-metadata-scrapper-pdf/feedshare-document-url-metadata-scrapper-pdf/0/1726675227643?e=2147483647&v=beta&t=lEVNu8iLD4jwynw_nyefFwvnndIZNYe6qoT6j0WKy3k
"You uploaded a feed document on September 18, 2024 at 3:50 PM (GMT)","? Why Areas of Accountability Matter More Than Org Charts ?

When it comes to driving real results, organizational charts alone aren?t enough. It?s the clearly defined roles and responsibilities that truly move the needle.

? Why Shift Focus?
- Clarity:Everyone knows what they own, reducing overlap and confusion.
- Agility: Teams can react quickly to short-term metrics and adjust for optimal outcomes.
- Accountability: Clear ownership drives higher performance and ensures nothing slips through the cracks.

? By adopting areas of accountability, you empower your teams to focus on results, not hierarchies. The best outcomes come when everyone knows their role and how their work ties into the bigger picture.

#Leadership #Accountability #BusinessStrategy #EmployeeEngagement #OptimalOutcomes #LeadershipExcellence #Innovation #Performance",https://media.licdn.com/dms/document/media/v2/D561FAQF5guq__11kmg/feedshare-document-url-metadata-scrapper-pdf/feedshare-document-url-metadata-scrapper-pdf/0/1726674633412?e=2147483647&v=beta&t=JMTzNZjGw9NpLOebL4P-f2kzK1FvSrFD48EEzeiBkeY
"You uploaded a video on September 15, 2024 at 3:48 PM (GMT)", -,https://dms.licdn.com/playlist/vid/dynamic/D5605AQGSxpOAldAeiA/BAQfOP9MGQ?e=1730466000&v=beta&t=fR16YlAIhpLQjaxJRJlIE8k_Qxx4wMtKiDbSu_tjou8
"You uploaded a document on September 15, 2024 at 3:24 PM (GMT)", -,https://media.licdn.com/dms/document/media/v2/D562DAQFpPKoTMp6rmg/profile-treasury-document-pdf-analyzed/profile-treasury-document-pdf-analyzed/0/1726413848228?e=2147483647&v=beta&t=ogxk2uIlqPoC44LmNW7E_DzllNhofPnk1ndfvMxYDp8
"You uploaded a document on September 15, 2024 at 3:22 PM (GMT)", -,https://media.licdn.com/dms/document/media/v2/D562DAQEszjtL_HYE6w/profile-treasury-document-pdf-analyzed/profile-treasury-document-pdf-analyzed/0/1726413733592?e=2147483647&v=beta&t=86qOk5mA4lwZhVQE0w4q00YQmc1cz7dSoWEWsafBybw
"You uploaded a feed document on September 13, 2024 at 12:24 PM (GMT)",#Productivity #Efficiency #Collaboration #ProcessImprovement #ChangeManagement #SixSigma #OperationsManagement #StrategicLeadership #LeanManagement #ProcessOptimization #WorkflowEfficiency #BusinessStrategy #ContinuousImprovement #OperationalExcellence #BusinessTransformation,https://media.licdn.com/dms/document/media/v2/D561FAQGv3tXhGld-Ew/feedshare-document-url-metadata-scrapper-pdf/feedshare-document-url-metadata-scrapper-pdf/0/1726230252614?e=2147483647&v=beta&t=ZqrV1VtryjaHv6Q3nhzbYsrbYu0F11_aGBthXmf-Qwk
"You uploaded a document on September 11, 2024 at 3:35 PM (GMT)", -,https://media.licdn.com/dms/document/media/v2/D562DAQHFQsJ1knTiTQ/profile-treasury-document-pdf-analyzed/profile-treasury-document-pdf-analyzed/0/1726068938596?e=2147483647&v=beta&t=tt5dtiSd61mnDorzO23MBmZcTXmOOEvyBTC7419IU0A
"You uploaded a document on September 11, 2024 at 2:13 PM (GMT)", -,https://media.licdn.com/dms/document/media/v2/D562DAQGAr1a8KGIa-A/profile-treasury-document-pdf-analyzed/profile-treasury-document-pdf-analyzed/0/1726063987617?e=2147483647&v=beta&t=xNZiu-i8GMZbLcMtZ4MR4H8QTThaQ7NI15OO-PdB8pw
"You uploaded a feed document on September 5, 2024 at 6:24 PM (GMT)","? ? Are We Really Understanding Customer Needs ???

? Here?s how to hit the mark: 

? AI-Powered Insights: Use AI for predicting needs with tools like intent tagging and sentiment analysis. 

? Listen to What?s Unsaid: Combine data with real conversations to uncover deeper insights through human intuition. 

? Blend Technology with Empathy: While tech streamlines processes, empathy and creativity foster lasting relationships.

???What else do you think is needed? 

Share your thoughts??

#CustomerExperience #AI #Leadership #CX #AIinCX",https://media.licdn.com/dms/document/media/v2/D561FAQE4KFRmeWmP9w/feedshare-document-url-metadata-scrapper-pdf/feedshare-document-url-metadata-scrapper-pdf/0/1725560667624?e=2147483647&v=beta&t=YKcP8tDdhEdhscy3D4-6VvyLAOoyqADLwuKuMqxEEB4
"You uploaded a feed document on September 4, 2024 at 11:00 AM (GMT)","? 2025 Contact Centers: Meeting Customer Expectations

? Increased Efficiency: Streamline operations with AI and automation to handle rising customer demands.

? Personalized Service: Deliver tailored customer experiences to meet individual needs and preferences.

? Data-Driven Decisions: Utilize data analytics to make informed decisions that improve customer satisfaction.

? Proactive Support: Anticipate customer issues and address them before they escalate.

? Omnichannel Experience: Ensure a seamless experience across all customer interaction channels.

? Global Accessibility: Offer 24/7 support to meet the needs of a global customer base.

Read the article and share your insights!

#ContactCenter #CustomerExperience #CX #AI #Automation #FutureOfWork #2025Trends #CXTrends2025 #CustomerSuccess",https://media.licdn.com/dms/document/media/v2/D4D1FAQGLr-AY2kM9Uw/feedshare-document-url-metadata-scrapper-pdf/feedshare-document-url-metadata-scrapper-pdf/0/1725447627836?e=2147483647&v=beta&t=rU3viR3jG0EITYvg-nizT5Zsy0jM8UT2UNVFi25f3mw
"You uploaded a feed document on August 30, 2024 at 3:00 PM (GMT)","? ?Struggling to capture attention on LinkedIn? 

Discover how a few smart words can make a big impact?especially on mobile devices. ? 

? Mobile-Driven World: Audiences prefer concise, focused content over long, unfocused posts. 

? Smart Brevity: Enhances engagement by meeting the audience's need for quick, clear communication. 

? Impactful Communication: Adopting Smart Brevity on LinkedIn makes your content more effective and respectful of mobile users' experience.

????? What are your thoughts?


#SmartBrevity
#EffectiveCommunication
#LinkedInTips #ContentCreation #PersonalBranding
#ProfessionalGrowth #Leadership #MarketingStrategy #DigitalMarketing #AxiosHQ #Petesteam",https://media.licdn.com/dms/document/media/v2/D561FAQFSltENKvcbIw/feedshare-document-url-metadata-scrapper-pdf/feedshare-document-url-metadata-scrapper-pdf/0/1725030057981?e=2147483647&v=beta&t=n42IH1Rhk9--x8oSYrAg3rBXFNi5bwOFWhYrU_LFEDI
"You uploaded a feed document on August 29, 2024 at 5:34 PM (GMT)","? Global Contact Center Analytics: A Market on the Rise ?

? Booming Market: The global contact center analytics market is experiencing rapid growth.

? Data-Driven Insights: Driven by the increasing demand for customer insights based on data.

? Customer Experience: The need for enhanced customer experience is fueling this growth.

?? Operational Efficiency: Companies seek efficient operational management through analytics.

? AI Integration: The rise of AI in analytics is a significant factor in market expansion.

? Competitive Edge: Leveraging these tools allows companies to anticipate needs, optimize performance, and gain a competitive advantage.

? Key Insight: Embrace analytics to transform customer interactions and boost business outcomes.

?What are your thoughts? 

#ContactCenter #Analytics #Callcenter #CustomerExperience #AI #BusinessGrowth #DataDriven #innovation #ArtificialIntelligence

? Repost ?? to raise awareness about the importance of this development


https://lnkd.in/gzAze3HX",https://media.licdn.com/dms/document/media/v2/D561FAQEm6j09THT5YQ/feedshare-document-url-metadata-scrapper-pdf/feedshare-document-url-metadata-scrapper-pdf/0/1724952867249?e=2147483647&v=beta&t=RiPg-YYHC5Zd_MqLuRSn5FNzaZs0wUQ6i_RaKtl_v70
"You uploaded a feed document on August 29, 2024 at 5:16 PM (GMT)", -,https://media.licdn.com/dms/document/media/v2/D561FAQEf21qRxLEV9A/feedshare-document-url-metadata-scrapper-pdf/feedshare-document-url-metadata-scrapper-pdf/0/1724951808909?e=2147483647&v=beta&t=UY5Qi3Ne5s94cmKCCibGMGEoYzHnA1rD-fWl4TUz_Lo
"You uploaded a feed document on August 29, 2024 at 5:09 PM (GMT)","? Why Multi-Skilling Agents Matters ?

? Flexibility & Better CX: Multi-skilling agents enhances flexibility and customer experience.

? Career Growth: Offers improved career paths for agents.

? Cost Efficiency: Minimizes overstaffing and reduces costs.

? Task Diversity: Allows agents to handle diverse tasks, breaking down silos.

?? Potential Challenges: Risk of overwhelming agents, skill degradation, and training complexities if not managed well.

? Key Takeaway: Balance is crucial?use multi-skilling strategically to enhance efficiency without overloading your team.

? ???? What are your thoughts????


#CustomerExperience #ContactCenter #WorkforceManagement  #Callcenter #EmployeeEngagement #CXStrategy #Leadership #AgentTraining #CX 

? Repost ?? to raise awareness about the importance of a positive company culture and effective leadership through effective communication.?",https://media.licdn.com/dms/document/media/v2/D561FAQEUWZ3kw6b-Mg/feedshare-document-url-metadata-scrapper-pdf/feedshare-document-url-metadata-scrapper-pdf/0/1724951344908?e=2147483647&v=beta&t=FyY29ISdPQcdsYH8lWCa2gR1O6u_klV_lELmIvA_3Hs
"You uploaded a feed document on August 29, 2024 at 3:00 PM (GMT)","?Struggling to capture attention on LinkedIn? Discover how a few smart words can make a big impact?especially on mobile devices. ?

? Mobile-Driven World: Audiences prefer concise, focused content over long, unfocused posts.

? Smart Brevity: Enhances engagement by meeting the audience's need for quick, clear communication.

? Impactful Communication: Adopting Smart Brevity on LinkedIn makes your content more effective and respectful of mobile users' experience.

????? What are your thoughts?


#SmartBrevity
#EffectiveCommunication
#LinkedInTips #ContentCreation #PersonalBranding
#ProfessionalGrowth #Leadership #MarketingStrategy #DigitalMarketing #AxiosHQ #Petesteam",https://media.licdn.com/dms/document/media/v2/D4E1FAQFNex59_4OUUA/feedshare-document-url-metadata-scrapper-pdf/feedshare-document-url-metadata-scrapper-pdf/0/1724943641432?e=2147483647&v=beta&t=ZnzGbbHo53uN9NVd_2BCF6GEYep361_ZiDNWwE-F1E8
"You uploaded a feed document on August 29, 2024 at 1:16 AM (GMT)","? Why Brevity is Essential for LinkedIn ?

? Mobile First: Most LinkedIn users view content on mobile devices, making concise communication crucial.

?? Smart Brevity Solution: Adopting Smart Brevity ensures your message is meaningful, concise, and optimized for mobile.

? Deliver Key Points: Focus on the essentials that matter most.

? Grab Attention: Use brief, powerful summaries that fit mobile screens.

? Highlight Importance: Clearly explain relevance without losing readers.

? Actionable Content: Provide clear, digestible calls to action.

?Why It Matters:

? In a mobile-driven world, long, unfocused posts are a turnoff. Smart Brevity accommodates your audience?s needs, making your content more engaging and effective.

Call to Action:

? Encourage LinkedIn authors to adopt Smart Brevity for more impactful communication that respects the mobile experience of their audience.
Share your tips in the comments below! ?

#SmartBrevity
#EffectiveCommunication 
#LinkedInTips #ContentCreation #PersonalBranding 
#ProfessionalGrowth #Leadership #MarketingStrategy #DigitalMarketing #AxiosHQ #Petesteam",https://media.licdn.com/dms/document/media/v2/D561FAQEE5dyRce9fag/feedshare-document-url-metadata-scrapper-pdf/feedshare-document-url-metadata-scrapper-pdf/0/1724894166644?e=2147483647&v=beta&t=_ZQAJovD90m1I2QPLDCQnHJYxUGVCG2EyZFshrgVIRA
"You uploaded a feed document on August 28, 2024 at 1:00 PM (GMT)","? Mastering Smart Brevity

? In a world of information overload, keeping it short, sharp, and impactful is the key to capturing attention. 

?? What is Smart Brevity?: 

Convey ideas concisely and effectively, saying more with less to engage your audience quickly.

? Why It Matters on LinkedIn: 

Busy professionals value their time. Concise communication captures attention and shows respect for your audience.

??How do you apply Smart Brevity in your LinkedIn posts?   

Share your tips in the comments below! ?

#SmartBrevity #EffectiveCommunication #LinkedInTips #ContentCreation #PersonalBranding #ProfessionalGrowth #Leadership #MarketingStrategy #DigitalMarketing",https://media.licdn.com/dms/document/media/v2/D561FAQHJVXWk-S59hQ/feedshare-document-url-metadata-scrapper-pdf/feedshare-document-url-metadata-scrapper-pdf/0/1724850007241?e=2147483647&v=beta&t=CtBFLzGyYxfJrxOnNF7hZCWmCVQciWkOY1TGrLt0Od4
"You uploaded a feed video on August 27, 2024 at 9:53 PM (GMT)", -,https://dms.licdn.com/playlist/vid/dynamic/D5605AQF__tZX9T1JDA/BAQjSH23Rg?e=1730466000&v=beta&t=-JJUXS1UPF3qy60zmi8yUtbAQG3w9piD7Tii_WKCSUA
"You uploaded a feed document on August 27, 2024 at 8:33 PM (GMT)","Unlocking Insights on the Future of Contact Centers

https://lnkd.in/gMPhYTJX

#ContactCenterAnalytics
#MarketResearch
#BusinessGrowth
#CustomerInsights
#DataAnalytics
#MarketTrends
#CompetitiveAnalysis
#GlobalMarket
#CRM
#CustomerExperience
#BusinessStrategy
#TechnologyTrends
#Petesteam",https://media.licdn.com/dms/document/media/v2/D561FAQHFwz86Hiw3dA/feedshare-document-url-metadata-scrapper-pdf/feedshare-document-url-metadata-scrapper-pdf/0/1724790794495?e=2147483647&v=beta&t=EuG4NZ2yEnQqsKsEjy4-CEHdH0BEhFdNmqkoGfgJnNY
"You uploaded a feed video on August 27, 2024 at 7:58 PM (GMT)", -,https://dms.licdn.com/playlist/vid/dynamic/D5605AQGJdZYaiuqwsg/BAQN8_9Wrk?e=1730466000&v=beta&t=ongsoSRKBICUi1TZJPLcN0o_dRt228zJqRNnii6aqAU
"You uploaded a feed document on August 27, 2024 at 12:00 PM (GMT)","? Dive into the world of leadership development!  
  
? Unlock potential and drive growth with continuous learning.  
  
? Invest in your team's success through leadership training programs.  

???Explore AI or LMS/HCM training.
  
Ready to lead with confidence and inspire greatness? Start today! ?  
  
#LeadershipDevelopment #leadership #innovation #growth #EmployeeEngagement #Petesteam",https://media.licdn.com/dms/document/media/v2/D561FAQHDoNhfuvsCbA/feedshare-document-url-metadata-scrapper-pdf/feedshare-document-url-metadata-scrapper-pdf/0/1724760017792?e=2147483647&v=beta&t=DrWrwngaeBZPrWBC3o-qftVM5cZ7Zq25S8pRzcIK9OE
"You uploaded a feed document on August 26, 2024 at 11:54 AM (GMT)","? Revolutionizing Corporate Training with Artificial Intelligence!

? Fast-Paced Environment: Staying ahead in the corporate world requires more than just keeping up.

? Transformation: The key is transforming the way we learn.

? AI-Powered Learning: Artificial Intelligence is a game-changer, providing personalized and efficient training solutions.

? Impactful Training: AI offers impactful training like never before.

With AI, corporate training becomes:

? Tailored to individual learning styles and needs
? Dynamic with real-time feedback and adaptability
? Insightful by predicting skill gaps and future training needs

This isn?t just an upgrade?it?s a revolution in how we develop talent and drive performance. Are you ready to elevate your team?s potential?

Join the AI-driven training revolution today!

#AIEducation #CorporateTraining #LearningAndDevelopment #AIRevolution #EmployeeEngagement #FutureOfWork #LeadershipDevelopment #InnovationInLearning #WorkplaceExcellence #SkillDevelopment #PeteSteam",https://media.licdn.com/dms/document/media/v2/D561FAQExl0J6ufVn4g/feedshare-document-url-metadata-scrapper-pdf/feedshare-document-url-metadata-scrapper-pdf/0/1724673242861?e=2147483647&v=beta&t=aRvtneCwDmPG3-u7LcYplIfuqJygiPLNNAWOk4P9e_8
"You uploaded a feed document on August 26, 2024 at 11:44 AM (GMT)","? Picture employee training as an engaging, dynamic journey.

? With AI-driven solutions, you can:

? Tailor learning paths to individual needs
? Provide real-time feedback
? Identify and address skill gaps before they become issues

?I implemented an AI-powered training program that delivered impressive results:

? 40% increase in employee retention
? 30% faster onboarding process

?Ready to take your training to the next level? ?

#PeteSteam #LeadershipCommunication #LeadershipDevelopment #LeadershipExcellence #LeadershipLessons #EmployeeEngagement#ContactCenter #CallCenter #CX #CustomerExperience #ForwardTogether  #Productivity #Innovation #CustomerService",https://media.licdn.com/dms/document/media/v2/D561FAQF1nOYgOAsJhA/feedshare-document-url-metadata-scrapper-pdf/feedshare-document-url-metadata-scrapper-pdf/0/1724672656138?e=2147483647&v=beta&t=_o6kiYEUWpsHvYIa7ZfVv222DClwvI8p3lCoj_n4sVg
"You uploaded a feed document on August 23, 2024 at 10:18 PM (GMT)","? New Report on Overcoming Inventory Management Challenges in Healthcare Clinics and Mobile Healthcare Providers ?

? Efficient Inventory Management: Crucial for continuous, high-quality patient care, particularly in clinics and mobile healthcare settings.

? Challenges: Address under and overstocking to ensure optimal operations.

?? STAR Case Study: A rural healthcare clinic in the Midwest demonstrated how technology and process optimization improve efficiency and cost savings.

?? Leverage Technology: Implement RFID and tracking systems with healthcare management platforms.

? Optimize Inventory Policies: Use just-in-time ordering and maintain safety stocks for critical supplies.

? Continuous Improvement: Regular audits and staff training are vital for accuracy and efficiency.

? Full Report: Discover more insights and actionable strategies for various healthcare settings.



#HealthcareManagement #InventoryManagement #HealthcareOperations #ClinicalOperations #MobileHealthcare #SupplyChainManagement #HealthcareInnovation #PatientCare #HealthcareTechnology #RFIDTechnology #ProcessOptimization #HealthcareEfficiency #HealthcareLogistics #OperationalExcellence #HealthcareBestPractices",https://media.licdn.com/dms/document/media/v2/D561FAQHKSYFClmyhhw/feedshare-document-url-metadata-scrapper-pdf/feedshare-document-url-metadata-scrapper-pdf/0/1724451509096?e=2147483647&v=beta&t=Zyf_fwUI244NmualY6H25Fpr2d97mmiDDlDDLcQ-S8o
"You uploaded a feed document on August 22, 2024 at 5:27 PM (GMT)","? The Future of Wound Care: 5 Trends for 2024 ?

As we step into 2024, the landscape of wound care is evolving rapidly, driven by innovation and technology. 

#WoundCare #HealthcareInnovation #Telehealth #PatientCare #AIinHealthcare #2024Trends",https://media.licdn.com/dms/document/media/v2/D4D1FAQHMAh123qZU1w/feedshare-document-url-metadata-scrapper-pdf/feedshare-document-url-metadata-scrapper-pdf/0/1724347664379?e=2147483647&v=beta&t=C_gkhzXO-PsjBeS1KTvaLxybBjVOlzA81J433wH5evA
"You uploaded a feed document on August 21, 2024 at 10:45 AM (GMT)","? Dive into the Future of Healthcare with AI! 

? Unveil AI's Potential: Discover how AI is revolutionizing patient care.

? Insights: Explore the evolving AI landscape, human-AI collaboration, and its impact on health equity.

Make a Difference: Ready to revolutionize healthcare with AI? ??


?? #AIinHealthcare #FutureofMedicine #AI #innovation #Petesteam
",https://media.licdn.com/dms/document/media/v2/D561FAQFQiwWX7zMThQ/feedshare-document-url-metadata-scrapper-pdf/feedshare-document-url-metadata-scrapper-pdf/0/1724237123143?e=2147483647&v=beta&t=GVCXxLmfrRM6A9Fj51JfSubm1CkNLzSes1NvsS-Z5t8
"You uploaded a feed document on August 20, 2024 at 9:24 PM (GMT)","**Unsung Heroes of Healthcare: Clinical Operations ?**

Clinical operations professionals keep healthcare institutions running smoothly. They:

- Coordinate clinical research
- Manage patient care
- Navigate regulatory landscapes

With rapid medical advancements, their role is vital. They're the backbone ensuring top-notch patient care and pioneering breakthroughs.

Curious about their work or have stories to share? 

#PeteSteam #inspiration #clinicaloperations #healthcare #patientcare ",https://media.licdn.com/dms/document/media/v2/D561FAQG5wsbahU1Qaw/feedshare-document-url-metadata-scrapper-pdf/feedshare-document-url-metadata-scrapper-pdf/0/1724189048140?e=2147483647&v=beta&t=0oREOwe50j7DILNZW3F5nv7M9HrvQJ9PAX3Rl4BrtG4
"You uploaded a feed document on August 20, 2024 at 5:45 PM (GMT)","? Unlock the power of AI to revolutionize your team's engagement! ? 

#Petesteam #EmployeeEngagement #AIinBusiness",https://media.licdn.com/dms/document/media/v2/D561FAQFAhcDAg1UpFw/feedshare-document-url-metadata-scrapper-pdf/feedshare-document-url-metadata-scrapper-pdf/0/1724175907257?e=2147483647&v=beta&t=niimLASqLCz0Wgr_DdIXw0WwEDmXkguvPQFy9II5eZA
"You uploaded a feed document on August 20, 2024 at 5:30 PM (GMT)","? Boost your project management game with these 10 powerful ChatGPT prompts!

? They have transformed the way I handle projects?less meeting time, smoother workflows, and AI-driven insights. 

? Want to see the list and make your projects more efficient? 

Check it out now! ?? 

#PeteSteam #Productivity #Innovation #ProjectManagement #LeadershipExcellence #CX #ForwardTogether",https://media.licdn.com/dms/document/media/v2/D561FAQGlOfe4TeJJLA/feedshare-document-url-metadata-scrapper-pdf/feedshare-document-url-metadata-scrapper-pdf/0/1724175019154?e=2147483647&v=beta&t=JuOVXQkJ6j-1FF4Jr17mvvSwFiWS729loOrI2x-3LGw
"You uploaded a feed document on August 20, 2024 at 1:40 PM (GMT)","? Ready to Transform Employee Training? 

? Imagine employee training as an engaging, dynamic experience. 

? AI-driven solutions can:

? Personalize learning paths
? Deliver real-time feedback
? Predict skill gaps

?I implemented an AI training program with remarkable results:

? 40% increase in retention.
? 30% faster onboarding.

?Are you ready to elevate your training game?? 

#PeteSteam 
#leadershipcommunication #leadershipdevelopment #leadershipinspiration #leadershipexcellence #leadershiplessons #employeeengagement #inspiration #contactcenter #callcenter #cx #customerexperience #forwardtogether #jobsearch #jobhunt #personalbranding #productivity #innovation #customerservice",https://media.licdn.com/dms/document/media/v2/D561FAQGgp-FEqEgcNA/feedshare-document-url-metadata-scrapper-pdf/feedshare-document-url-metadata-scrapper-pdf/0/1724161223555?e=2147483647&v=beta&t=Xob5a4AMBe6omr9bhpjFxBJ3ZHqa0xc3UjL_60U-r5o
"You uploaded a feed document on August 20, 2024 at 1:32 PM (GMT)","? Supercharge Your Sales: Mastered ChatGPT for a sales game-changer!

? Streamline Interactions: AI helps draft emails, answer queries, and suggest meeting times.

? Close Deals Faster: Personalized pitches lead to quicker deal closures.

? Provide Value: AI boosts efficiency and enhances client touch points.

? Curious About AI?: Connect to explore how AI can transform your sales approach. 

? Let's connect, and I'll share some insights! 

#PeteSteam #leadershipcommunication #AI #sales #innovation #customerexperience #contactcenter #jobsearch",https://media.licdn.com/dms/document/media/v2/D561FAQGh0XnCwC2Lvw/feedshare-document-url-metadata-scrapper-pdf/feedshare-document-url-metadata-scrapper-pdf/0/1724160730899?e=2147483647&v=beta&t=IYryVywyLXoebpKSjdTIqutceC_2VHZ8VQ9tWstI_vI
"You uploaded a feed document on August 19, 2024 at 12:32 PM (GMT)",Smart Brevity: How to Cut Through the Noise,https://media.licdn.com/dms/document/media/v2/D561FAQEXIkk7veb6qQ/feedshare-document-url-metadata-scrapper-pdf/feedshare-document-url-metadata-scrapper-pdf/0/1724070740620?e=2147483647&v=beta&t=adWEqqHZTvMnKgH68TeiXqyVvaUbWhD-lzUnwBmNu0c
"You uploaded a feed document on August 18, 2024 at 5:30 PM (GMT)",AI Revolution in Call Centers,https://media.licdn.com/dms/document/media/v2/D561FAQGdXPtB4iNKeQ/feedshare-document-url-metadata-scrapper-pdf/feedshare-document-url-metadata-scrapper-pdf/0/1724002221375?e=2147483647&v=beta&t=Kc1MWyUAAAl0_-iKfIFU1mqxk5DN2hy_nC1TnyOpsz0
"You uploaded a feed document on August 16, 2024 at 3:32 PM (GMT)",Revolutionizing Call Quality Assurance,https://media.licdn.com/dms/document/media/v2/D561FAQGYNMtD1Ov9Yw/feedshare-document-url-metadata-scrapper-pdf/feedshare-document-url-metadata-scrapper-pdf/0/1723822346952?e=2147483647&v=beta&t=l9ulws5BkSniWjKnoQeYlrV0NY4A8_eN4g9IBsVA0Ps
"You uploaded a feed document on August 15, 2024 at 7:23 PM (GMT)","Chatbots in Welfare Services

Discover how chatbots are transforming welfare services! ??

They enhance efficiency, improve customer satisfaction, and reduce wait times. 

Curious? 

Check out Elena Parmiggiani's full case study!

#PeteSteam #leadershipcommunication #leadershipdevelopment #leadershipinspiration #leadershipexcellence #leadershiplessons #employeeengagement #inspiration #contactcenter #callcenter #CX #customerexperience #ChatbotRevolution #TechInWelfare #CustomerServiceInnovation",https://media.licdn.com/dms/document/media/v2/D4E1FAQGzjkJAlwEPpQ/feedshare-document-url-metadata-scrapper-pdf/feedshare-document-url-metadata-scrapper-pdf/0/1723749821327?e=2147483647&v=beta&t=1ljkYwhjeowpBSJDmBRIwVRSoP4dtw8oclF0UGbCYE0
"You uploaded a document on August 15, 2024 at 12:49 PM (GMT)", -,https://media.licdn.com/dms/document/media/v2/D562DAQEjqO2CGbPfhA/profile-treasury-document-pdf-analyzed/profile-treasury-document-pdf-analyzed/0/1723726205294?e=2147483647&v=beta&t=tWgYL10vifYtFnO647iwxMUpCbdYwxtcsgUBb5XeK_E
"You uploaded a feed document on August 15, 2024 at 11:57 AM (GMT)",Emotional Intelligence Wins!,https://media.licdn.com/dms/document/media/v2/D561FAQF-pR5Qr6JAOw/feedshare-document-url-metadata-scrapper-pdf/feedshare-document-url-metadata-scrapper-pdf/0/1723723074670?e=2147483647&v=beta&t=erh2z3k2eNm8OFYm22ROnRgP4bqBkCdkRLC1vjFRKGc
"You uploaded a feed document on August 14, 2024 at 6:05 PM (GMT)",Setting Meaningful KPIs Post AI Deployment,https://media.licdn.com/dms/document/media/v2/D561FAQFyFE25dCqvBw/feedshare-document-url-metadata-scrapper-pdf/feedshare-document-url-metadata-scrapper-pdf/0/1723658746064?e=2147483647&v=beta&t=oVhQd32MyXLdynsolbZWoOG1adgPmMso4jILoKA5L9w
"You uploaded a feed document on August 7, 2024 at 9:53 PM (GMT)","? AI is transforming employee engagement

?No more relying on outdated surveys. 

?? AI offers real-time insights and personalized interactions that resonate with your team. 

? From gauging sentiment to predicting turnover, AI is revolutionizing how we engage and develop our employees.

? Are you leveraging AI in your organization to boost employee satisfaction? Let?s drive this change together! ?

#PeteSteam
#leadership 
#AI
#employeeengagement 
#innovation
#inspiration 
#contactcenter 
#callcenter
#cxleaders
#customerexperience",https://media.licdn.com/dms/document/media/v2/D561FAQEacUVyyEhwRg/feedshare-document-url-metadata-scrapper-pdf/feedshare-document-url-metadata-scrapper-pdf/0/1723067633587?e=2147483647&v=beta&t=viSgvP-n5ijsTVUND8uqbYR9P14Bjx-InPkhBcZSAgM
"You uploaded a feed video on August 7, 2024 at 7:57 PM (GMT)", -,https://dms.licdn.com/playlist/vid/dynamic/D5605AQGiNvh2uWywqA/BAQiR9bsuk?e=1730466000&v=beta&t=3eyM4Vfxvzx48R-a0e32rbKvhSk_OVuZ2f_SiF24U3o
"You uploaded a document on August 7, 2024 at 6:06 PM (GMT)", -,https://media.licdn.com/dms/document/media/v2/D562DAQGBUI8qDtJaSw/profile-treasury-document-pdf-analyzed/profile-treasury-document-pdf-analyzed/0/1723054015997?e=2147483647&v=beta&t=6p-LFdptg-Up3ihjuIcYgnXvAVKuvYKXCM_y8JPWldI
"You uploaded a feed document on August 6, 2024 at 5:00 PM (GMT)","? Case Study Alert! Transforming Call Center Operations ?

Im excited to share a case study today! ?

?By integrating cutting-edge technology and strategic workforce management, client achieved significant performance enhancements and cost savings. 


Results:

?? 25% Reduction in overall operational costs
? 20% Improvement in customer satisfaction scores
?? 20% Reduction in call handling time
? 40% Decrease in process errors
? 25% Increase in first call resolution rates


? For a detailed look at this transformation, check out the full case study.

#CallCenter #CustomerService #CostSavings #Innovation #Efficiency #WorkforceManagement #CustomerSatisfaction #BPO #ContactCenter #Technology #SuccessStory",https://media.licdn.com/dms/document/media/v2/D561FAQGjxsxscTs-uw/feedshare-document-url-metadata-scrapper-pdf/feedshare-document-url-metadata-scrapper-pdf/0/1722963630172?e=2147483647&v=beta&t=aUG1-Y55xgUVgvRwrOYORtEdKjiaERt2GaM72v2-zPQ
"You uploaded a feed document on August 5, 2024 at 6:50 PM (GMT)","Why are AI solutions so critical to be deployed within healthcare contact centers?

#Petesteam",https://media.licdn.com/dms/document/media/v2/D561FAQE2kjybCSMjFA/feedshare-document-url-metadata-scrapper-pdf/feedshare-document-url-metadata-scrapper-pdf/0/1722883846620?e=2147483647&v=beta&t=IXEtA_YKumjw50HJO8_VZPD7KXcJRP9D4IBr7Lq_ro8
"You uploaded a feed document on August 5, 2024 at 4:15 PM (GMT)","? AI is Transforming Customer Service! ?

My latest white paper highlights:

? The rise of digital channels like email, social media, and live chat.
? The boom in self-service options with FAQs and knowledge bases.
? The AI revolution with chatbots and virtual assistants enhancing efficiency        and satisfaction.

? Key Insights:

	?	AI could save businesses $11 billion annually by 2025.
	?	Companies using AI see a 15% increase in customer satisfaction.
	?	The AI customer service market is projected to grow to $11.1 billion by         2028.


#CustomerService #AI #DigitalTransformation #CX #Innovation #BusinessGrowth #FutureOfWork #CustomerExperience #Petesteam",https://media.licdn.com/dms/document/media/v2/D561FAQHr33HhItLPpw/feedshare-document-url-metadata-scrapper-pdf/feedshare-document-url-metadata-scrapper-pdf/0/1722874587134?e=2147483647&v=beta&t=buN3ihBehmWLJaGtd4clRU1zHqS79cFxDk0pKyuLDL8
"You uploaded a video on July 31, 2024 at 2:56 PM (GMT)", -,https://dms.licdn.com/playlist/vid/dynamic/D5605AQGlFGoRurQo3w/BAgtoloSW36RmQIiWic?e=1730466000&v=beta&t=bjziIVzo7f9iyKj8HjzMclnvosXIrbdosGmjMV0tg-s
"You uploaded a document on March 1, 2024 at 5:07 PM (GMT)", -,https://media.licdn.com/dms/image/v2/D562DAQGJCt-3opN5fw/profile-treasury-document-cover-images_1920/profile-treasury-document-cover-images_1920/0/1709312850449?e=2147483647&v=beta&t=RzOitwybS9PZaM9NvPsAGLUAbiW6_WS5FyukNQKarZk
"You uploaded a feed document on February 20, 2024 at 6:55 PM (GMT)", -,https://media.licdn.com/dms/document/media/v2/D561FAQF2vavNdKYThw/feedshare-document-url-metadata-scrapper-pdf/feedshare-document-url-metadata-scrapper-pdf/0/1708455313838?e=2147483647&v=beta&t=9YhzQChuvNO24wMI6jbAPKNjBmev4ZpM9EZ0up8sCsA
"You uploaded a feed photo on February 13, 2024 at 11:54 AM (GMT)", -,https://media.licdn.com/dms/image/v2/D4D22AQE-U5xZ1D6g8Q/feedshare-shrink_2048_1536/feedshare-shrink_2048_1536/0/1707825274469?e=2147483647&v=beta&t=oZgJqXSTO4bC6dVT7whhyjzjFl221NF71KV4Og0l0iE
"You uploaded a feed photo on December 2, 2023 at 5:41 AM (GMT)", -,https://media.licdn.com/dms/image/v2/D5622AQEsEdD9DhJGNA/feedshare-shrink_2048_1536/feedshare-shrink_2048_1536/0/1701495701015?e=2147483647&v=beta&t=iAxVH-GL1KjogcQMoeqhEBEAmn1-91uAAUjmjezoaAQ
"You uploaded a feed photo on October 16, 2023 at 11:53 AM (GMT)", -,https://media.licdn.com/dms/image/v2/D5622AQGjbyGBJn2o-A/feedshare-shrink_2048_1536/feedshare-shrink_2048_1536/0/1697457189750?e=2147483647&v=beta&t=X-Arh6tVu6bUQNZbV5N8qjLlVwKb4Re6fM4CM5F1I3E
"You uploaded a feed photo on October 12, 2023 at 11:03 AM (GMT)", -,https://media.licdn.com/dms/image/v2/D5622AQH_SCBVvE8Y2A/feedshare-shrink_2048_1536/feedshare-shrink_2048_1536/0/1697108608949?e=2147483647&v=beta&t=PTgwkIF4eNoj6jQl0kC-fNcfRMCoP_gLV5U8P6oFVLI
"You uploaded a feed photo on October 10, 2023 at 8:51 AM (GMT)", -,https://media.licdn.com/dms/image/v2/D5622AQE-e2GVFGxGXg/feedshare-shrink_2048_1536/feedshare-shrink_2048_1536/0/1696927890044?e=2147483647&v=beta&t=jxpoHDlSmqNSGgg69wrftkf6dCrZdjL0k8aVy96EEVw
"You uploaded a feed photo on October 8, 2023 at 3:49 PM (GMT)", -,https://media.licdn.com/dms/image/v2/D5622AQGDv3WrJfp1Dg/feedshare-shrink_2048_1536/feedshare-shrink_2048_1536/0/1696780162139?e=2147483647&v=beta&t=GxOJjhjtzwTh8J7cRfRsVko2g0Y0jvVUBQAqKwOK1zI
"You uploaded a feed photo on October 7, 2023 at 9:01 PM (GMT)", -,https://media.licdn.com/dms/image/v2/D5622AQG-XrHMV_K7YQ/feedshare-shrink_2048_1536/feedshare-shrink_2048_1536/0/1696712505158?e=2147483647&v=beta&t=gKJfpHBNNASniYxpZ_pc-SMBUj64uIqiQpVwvnNPw-I
"You uploaded a feed photo on October 6, 2023 at 11:46 PM (GMT)", -,https://media.licdn.com/dms/image/v2/D5622AQEfFwsLgu2EGw/feedshare-shrink_2048_1536/feedshare-shrink_2048_1536/0/1696635980806?e=2147483647&v=beta&t=ivduMGGet7mvRHuZBJ8l8yfIcpQJBeLkVEXCZ6Ub0Fg
"You uploaded a article cover photo on September 10, 2019 at 1:40 AM (GMT)", -,https://media.licdn.com/dms/image/v2/C4E12AQEIdpMWldoeFg/article-cover_image-shrink_180_320/article-cover_image-shrink_180_320/0/1568079619660?e=2147483647&v=beta&t=UZCgsGMR26yM483ezkwMuWatSU8kLi0IwJb_hsezIhg
